scoreline_state,n_blocks,n_unique_players,n_games,avg_goal_diff,pct_conceded,pct_scored
draw,29708,445,100,0.0,0.060152147569678203,0.060152147569678203
winning_by_1,6561,400,40,1.0,0.08443834781283341,0.08520042676421277
losing_by_1,5365,376,33,-1.0,0.09412861136999068,0.09338303821062442
winning_by_more_than_1,2439,271,12,2.4079540795407954,0.06396063960639606,0.06478064780647806
losing_by_more_than_1,1561,163,9,-2.256886611146701,0.1005765534913517,0.1005765534913517
