{
  "n_defenders": 299,
  "n_clean_blocks": 24721,
  "n_full_blocks": 26681,
  "n_removed": 1960,
  "demand_r2_clean": 0.05815353154851155,
  "demand_r2_full": 0.059454747076778114,
  "continuous": {
    "clean": {
      "10min": {
        "\u03b2_cog": 0.013812181980084243,
        "se_cog": 0.020488874926845767,
        "ci_cog_low": -0.02634601287653346,
        "ci_cog_high": 0.053970376836701944,
        "t_cog": 0.6741308163283619,
        "p_cog": 0.5002344532744466,
        "sig_cog": "ns",
        "\u03b2_phys": 1.075610233179535,
        "se_phys": 0.021212639132680778,
        "ci_phys_low": 1.0340334604794807,
        "ci_phys_high": 1.1171870058795892,
        "t_phys": 50.706101511076014,
        "p_phys": 0.0,
        "sig_phys": "***",
        "r2": 0.1185220557860609,
        "r2_adj": 0.11845073302983344,
        "n": 24721,
        "direction": "not significant"
      },
      "15min_decay": {
        "\u03b2_cog": 0.008891319184673797,
        "se_cog": 0.021540790170145725,
        "ci_cog_low": -0.03332862954881182,
        "ci_cog_high": 0.05111126791815942,
        "t_cog": 0.4127666215790285,
        "p_cog": 0.6797811887335056,
        "sig_cog": "ns",
        "\u03b2_phys": 1.2709311318328445,
        "se_phys": 0.021913802071556476,
        "ci_phys_low": 1.2279800797725937,
        "ci_phys_high": 1.3138821838930952,
        "t_phys": 57.996833579257284,
        "p_phys": 0.0,
        "sig_phys": "***",
        "r2": 0.16780638876029563,
        "r2_adj": 0.16773905373228037,
        "n": 24721,
        "direction": "not significant"
      }
    },
    "full": {
      "10min": {
        "\u03b2_cog": 0.018456173455001314,
        "se_cog": 0.019774530913470558,
        "ci_cog_low": -0.020301907135400976,
        "ci_cog_high": 0.057214254045403604,
        "t_cog": 0.9333305318726337,
        "p_cog": 0.35065778261896074,
        "sig_cog": "ns",
        "\u03b2_phys": 1.0001889993706552,
        "se_phys": 0.019804448436876065,
        "ci_phys_low": 0.9613722804343781,
        "ci_phys_high": 1.0390057183069323,
        "t_phys": 50.50324943704537,
        "p_phys": 0.0,
        "sig_phys": "***",
        "r2": 0.11414953175796261,
        "r2_adj": 0.11408312119733277,
        "n": 26681,
        "direction": "not significant"
      },
      "15min_decay": {
        "\u03b2_cog": 0.014798195478190626,
        "se_cog": 0.02049522723739209,
        "ci_cog_low": -0.025372449907097867,
        "ci_cog_high": 0.05496884086347912,
        "t_cog": 0.7220312957151491,
        "p_cog": 0.47028156510980795,
        "sig_cog": "ns",
        "\u03b2_phys": 1.131064587909254,
        "se_phys": 0.020300347092741904,
        "ci_phys_low": 1.0912759076074798,
        "ci_phys_high": 1.1708532682110282,
        "t_phys": 55.716514734551005,
        "p_phys": 0.0,
        "sig_phys": "***",
        "r2": 0.15311570695411636,
        "r2_adj": 0.15305221761510712,
        "n": 26681,
        "direction": "not significant"
      }
    }
  },
  "percentile": {
    "clean": {
      "10min": {
        "p25": -0.41602409347954533,
        "p75": 0.6446185810876369,
        "n_high": 6181,
        "n_low": 6181,
        "n_middle": 12359,
        "mean_high": 0.6597409956412903,
        "se_high": 0.04491596591498272,
        "ci_high_low": 0.5717057024479242,
        "ci_high_high": 0.7477762888346564,
        "mean_low": -1.2564730495476648,
        "se_low": 0.04111185321974832,
        "ci_low_low": -1.3370522818583714,
        "ci_low_high": -1.1758938172369582,
        "diff": 1.916214045188955,
        "se_diff": 0.06089029864631983,
        "ci_diff_low": 1.7968690598421682,
        "ci_diff_high": 2.035559030535742,
        "boot_ci_low": 1.8004673942895681,
        "boot_ci_high": 2.037196688186909,
        "t_stat": 31.469940003402655,
        "p_value": 4.0655233480534665e-209,
        "sig": "***",
        "cohens_d": 0.5660848615532665,
        "ctrl_beta": 0.08795326998879015,
        "ctrl_p": 0.23322569290007422,
        "ctrl_sig": "ns",
        "ctrl_ci_low": -0.05664979603376856,
        "ctrl_ci_high": 0.23255633601134884,
        "ctrl2_beta": 1.3322880855628976,
        "ctrl2_p": 6.99133187306317e-82
      },
      "15min_decay": {
        "p25": -0.3427278778949916,
        "p75": 0.6555382177157895,
        "n_high": 6181,
        "n_low": 6181,
        "n_middle": 12359,
        "mean_high": 0.9295395642786992,
        "se_high": 0.044063220099612374,
        "ci_high_low": 0.843175652883459,
        "ci_high_high": 1.0159034756739396,
        "mean_low": -1.4909821156934384,
        "se_low": 0.0407946286854179,
        "ci_low_low": -1.5709395879168575,
        "ci_low_high": -1.4110246434700193,
        "diff": 2.4205216799721376,
        "se_diff": 0.06004805654746875,
        "ci_diff_low": 2.3028274891390987,
        "ci_diff_high": 2.5382158708051765,
        "boot_ci_low": 2.3024650140240364,
        "boot_ci_high": 2.5373657825905833,
        "t_stat": 40.30974221553173,
        "p_value": 0.0,
        "sig": "***",
        "cohens_d": 0.7250962295720896,
        "ctrl_beta": 0.13091089550127105,
        "ctrl_p": 0.07593553992931762,
        "ctrl_sig": "ns",
        "ctrl_ci_low": -0.013650668085829737,
        "ctrl_ci_high": 0.2754724590883718,
        "ctrl2_beta": 1.7034308065859016,
        "ctrl2_p": 1.2462274871650315e-125
      }
    },
    "full": {
      "10min": {
        "p25": -0.4257377075937981,
        "p75": 0.6641387022372087,
        "n_high": 6671,
        "n_low": 6671,
        "n_middle": 13339,
        "mean_high": 0.6572344135628406,
        "se_high": 0.04234048522553509,
        "ci_high_low": 0.5742470625207918,
        "ci_high_high": 0.7402217646048894,
        "mean_low": -1.2618625208728689,
        "se_low": 0.03988578715508508,
        "ci_low_low": -1.3400386636968356,
        "ci_low_high": -1.1836863780489022,
        "diff": 1.9190969344357094,
        "se_diff": 0.05816865742059468,
        "ci_diff_low": 1.8050863658913439,
        "ci_diff_high": 2.033107502980075,
        "boot_ci_low": 1.803042070073272,
        "boot_ci_high": 2.0338622433208453,
        "t_stat": 32.991941357000464,
        "p_value": 1.665632365841242e-229,
        "sig": "***",
        "cohens_d": 0.5712515601089635,
        "ctrl_beta": 0.16831264250926045,
        "ctrl_p": 0.019974741397753296,
        "ctrl_sig": "*",
        "ctrl_ci_low": 0.02655142350962375,
        "ctrl_ci_high": 0.31007386150889715,
        "ctrl2_beta": 1.2446391022246792,
        "ctrl2_p": 1.389550688348143e-77
      },
      "15min_decay": {
        "p25": -0.36079375346617276,
        "p75": 0.6784711860975752,
        "n_high": 6671,
        "n_low": 6671,
        "n_middle": 13339,
        "mean_high": 0.9189657391419739,
        "se_high": 0.04138274607110471,
        "ci_high_low": 0.8378555568426087,
        "ci_high_high": 1.000075921441339,
        "mean_low": -1.4662897968409088,
        "se_low": 0.03954530799238745,
        "ci_low_low": -1.5437986005059883,
        "ci_low_high": -1.3887809931758293,
        "diff": 2.385255535982883,
        "se_diff": 0.05723952355320854,
        "ci_diff_low": 2.273066069818594,
        "ci_diff_high": 2.4974450021471717,
        "boot_ci_low": 2.2708824349334855,
        "boot_ci_high": 2.4963450386519828,
        "t_stat": 41.67147781664543,
        "p_value": 0.0,
        "sig": "***",
        "cohens_d": 0.7215367067131887,
        "ctrl_beta": 0.3093228316882167,
        "ctrl_p": 1.7966025154033797e-05,
        "ctrl_sig": "***",
        "ctrl_ci_low": 0.16801156716173674,
        "ctrl_ci_high": 0.45063409621469674,
        "ctrl2_beta": 1.6083463240154463,
        "ctrl2_p": 6.858364185635162e-125
      }
    }
  },
  "comparison": {
    "10min": {
      "full": {
        "n_high": 6671,
        "n_low": 6671,
        "mean_high": 0.6572344135628406,
        "mean_low": -1.2618625208728689,
        "diff": 1.9190969344357094,