{
  "defenders": {
    "10min_rolling": {
      "q75": 0.44478895355026804,
      "q25": -0.335436791806516,
      "n_high": 6820,
      "n_low": 6820,
      "mean_high": -0.33784221940524206,
      "mean_low": -0.5221764146814358,
      "diff": 0.18433419527619377,
      "ci_low": 0.027884207715971682,
      "ci_high": 0.3317401642893854,
      "p_value": 0.016070236450005836,
      "cohens_d": 0.04123012234066221,
      "ctrl_beta": 0.012536363363006786,
      "ctrl_p": 0.8993243605092277,
      "survives_phys": "False",
      "cont_beta": -1.2226818948678835,
      "cont_p": 2.4614428606752737e-245
    },
    "15min_decay": {
      "q75": 0.3977199787147666,
      "q25": -0.2482390970155553,
      "n_high": 6820,
      "n_low": 6820,
      "mean_high": -0.3552816589051675,
      "mean_low": -0.47473787257775785,
      "diff": 0.11945621367259035,
      "ci_low": -0.03848731309837466,
      "ci_high": 0.2710615844177348,
      "p_value": 0.12459520422903206,
      "cohens_d": 0.0263013445534746,
      "ctrl_beta": -0.06199934515027779,
      "ctrl_p": 0.5269785119067528,
      "survives_phys": "False",
      "cont_beta": -1.4231791668154443,
      "cont_p": 1.0520504674365129e-263
    },
    "demand_r2": 0.06936822942319909
  },
  "all_players": {
    "10min_rolling": {
      "q75": 0.5520585493030449,
      "q25": -0.30615998731621347,
      "n_high": 11409,
      "n_low": 11409,
      "mean_high": 0.26869755497513376,
      "mean_low": -0.7725483827702475,
      "diff": 1.0412459377453813,
      "ci_low": 0.9418840123066937,
      "ci_high": 1.138045004100813,
      "p_value": 2.0762570589522861e-94,
      "cohens_d": 0.2742070800644705,
      "ctrl_beta": 0.7808613091167341,
      "ctrl_p": 4.700864084714938e-28,
      "survives_phys": "True",
      "cont_beta": -0.8506943284792757,
      "cont_p": 8.668053676777666e-269
    },
    "15min_decay": {
      "q75": 0.5234080420611933,
      "q25": -0.22262547770876756,
      "n_high": 11409,
      "n_low": 11409,
      "mean_high": 0.306957216308167,
      "mean_low": -0.8064600933084597,
      "diff": 1.1134173096166267,
      "ci_low": 1.015149849208323,
      "ci_high": 1.209321621919002,
      "p_value": 2.816365668583006e-109,
      "cohens_d": 0.2956538222146357,
      "ctrl_beta": 0.8533914244489829,
      "ctrl_p": 2.6383694827143065e-34,
      "survives_phys": "True",
      "cont_beta": -1.0846168123994442,
      "cont_p": 0.0
    },
    "demand_r2": 0.03080546999396816
  },
  "position_counts": {
    "CB": 104,
    "CM/W": 140,
    "DM": 8,
    "FB": 146
  },
  "n_defenders": 258
}